0.5628269606126711,10.1139_v81-045,10.1016_j.carbpol.2008.03.015
0.7074077003817542,10.1016_0026-2862(87)90037-9,10.1016_j.mseb.2012.02.002
0.6880325381778432,10.2307_25083399,10.2307_40676739
0.5909871972571029,10.1021_je700312r,10.1021_je101272u
0.6269713995678984,10.1088_0022-3735_15_5_008,10.1021_ja9932582
0.6150534695737927,10.1016_0371-1951(62)80048-4,10.1002_bjs.1800520520
1.0399658971756245,10.1109_wnwec.2010.5673286,10.1002_bjs.18005022301
0.511607844482705,10.1007_s12546-014-9138-0,10.1080_00022470.1980.10465156
0.9432198109202006,10.1016_0363-0188(84)90007-0,10.1007_s12272-010-0502-0
0.5503472726546361,10.1139_y71-038,10.1186_1746-6148-3-33
0.6143030550883412,10.1016_j.ijom.2011.07.037,10.1099_00207713-42-1-107
0.4905356058835763,10.2307_3067925,10.1140_epjd_e2008-00149-4
0.7531333012062643,10.1016_s0002-9378(15)32790-3,10.1016_s0001-8791(08)00003-1
0.5352845184694344,10.1080_00021369.1976.10862400,10.1117_12.417029
0.5114978817110527,10.1002_bjs.1800720432,10.1021_jm030510e
0.7398617738605462,10.1055_s-0033-1341064,10.1177_000271621204000139
0.4738301715239411,10.1007_s12546-014-9138-0,10.1021_jf903822e
0.6363727814043796,10.1109_isscc.2014.6757378,10.2307_20164836
0.6974116164365984,10.1016_S0002-9394(14)70595-1,10.1088_0026-1394_35_3_8
0.5682070639220577,10.1088_0026-1394_30_3_003,10.2138_am.2009.3236
0.9088056948236346,10.1017_S0034412500003437,10.1016_S0741-5214(04)00049-7
0.5485476772733251,10.1080_00021369.1983.10863386,10.3139_146.101033
0.692291295738672,10.1021_jm2010964,10.3139_217.2187
0.6304564657915567,10.1140_epja_i2006-08-022-9,10.1007_978-3-642-27733-7_104-3
0.7875421673544605,10.1016_S0741-5214(07)01540-6,10.1016_0360-8352(80)90007-8
0.6168326198402233,10.1007_s12546-014-9138-0,10.1177_000271621103800339
0.658422000626407,10.1021_jm00377a012,10.3168_jds.s0022-0302(03)73791-6
0.7275748588271973,10.1016_s0749-8063(09)00671-9,10.2307_20142892
0.662173183584562,10.1016_j.ijrobp.2014.05.1775,10.2307_25086137
0.47835205868687825,10.1021_jf020710j,10.1021_jm4005835
0.6318677623819744,10.1007_bf01799398,10.1016_0030-4018(80)90362-4
0.4418082475883966,10.1021_ja8026828,10.1021_jf00090a002
0.6100545340139519,10.1007_s12546-014-9138-0,10.2307_25082047
0.9567498036050819,10.1109_ccnc.2009.4785000,10.1177_000348947908800133
0.533854079225738,10.1080_00021369.1989.10869539,10.1080_09500340500275405
0.7410280115438297,10.1016_S0889-8545(05)70195-9,10.1111_j.1472-765x.1995.tb01090.x
0.6317234909799826,10.1002_marc.1983.030040404,10.1002_cbic.200890039
0.5725955561124356,10.1002_bjs.1800720432,10.1109_wsc.1995.478847
0.7246092874577434,10.2307_30237163,10.1016_0029-554x(74)90723-x
0.5290379088612407,10.1016_0361-9230(93)90032-7,10.1016_0030-4018(95)00672-9
0.561533444284776,10.1080_08927029508022331,10.3168_jds.s0022-0302(89)79177-3
0.614595729569056,10.1088_0022-3735_15_5_008,10.1117_12.875622
0.7480110553006647,10.1016_S0889-8545(05)70195-9,10.1002_cber.19951280207
0.9447107906096942,10.1016_0029-554x(70)90485-4,10.2307_25151900
0.751984312995748,10.2307_3067925,10.1055_s-0030-1258411
0.7739173597218328,10.1016_0030-4220(79)90058-6,10.1016_S0885-3924(13)00619-2
0.5636966391190744,10.2307_3067925,10.1080_00021369.1985.10866863
0.5459197867023263,10.1007_s12546-014-9138-0,10.1117_12.323840
0.724873504121052,10.1016_0371-1951(62)80048-4,10.1016_0030-4018(94)90581-9
0.9853832839685833,10.2165_00128413-199007640-00015,10.1016_S0741-5214(13)01727-8
0.5670941286900162,10.1002_maco.19800311011,10.1016_s0749-8063(10)00551-7
0.5730592711841539,10.1177_000348949510400711,10.1117_12.387570
0.5506124351418644,10.3168_jds.s0022-0302(04)73306-8,10.1017_s0022149x00006891
0.6702455683055247,10.1088_0022-3735_15_5_008,10.1038_icb.1951.52
0.8372793137829428,10.1016_s0749-8063(09)00671-9,10.1088_0031-9155_60_9_3869
0.5939818536666933,10.1021_ja994281q,10.1002_cbic.200790018
0.5206329959943878,10.1175_JCLI-D-11-00284.1,10.2307_20111838
0.4958018958382239,10.1021_jm00377a012,10.1021_jf00106a005
0.7068682727893226,10.1016_s0002-8703(37)91215-8,10.1038_jid.1951.9
0.5576307629147601,10.2307_3067925,10.2307_25085266
0.9513640615734283,10.1002_bjs.18005022701,10.3171_jns.1963.20.9.0809
0.7585138923893118,10.1016_S0889-8545(05)70195-9,10.1117_12.251737
0.8640060448866715,10.1007_s00339-003-2254-x,10.1016_0370-1573(93)90144-3
0.503665706625575,10.2307_30215489,10.1139_z77-073
0.8966622516635765,10.1109_ceidp.1996.564503,10.1016_0361-9230(87)90141-9
0.9007256338045889,10.1111_0031-868x.00059,10.1007_s00382-014-2190-9
0.5331591778978507,10.1021_ja9623875,10.1016_j.msec.2010.11.017
0.5171003776050738,10.1021_jm00377a012,10.1002_maco.19850360104
1.0258518286188074,10.1021_je500041j,10.1016_s0741-5214(11)02223-3
0.5135709964058404,10.1002_bjs.1800720432,10.1021_je60087a021
0.7696304896585631,10.2307_3067925,10.1038_nature13126
0.5429451488242608,10.1080_00021369.1989.10869539,10.1080_09397140.2010.10638392
0.9615632199778311,10.1080_09507119009446686,10.1016_s0741-8329(99)00075-0
0.6798679019484574,10.1002_bspy.350020201,10.1002_cbf.653
0.6886386146444768,10.1016_0029-554x(66)90482-4,10.1016_S0886-3350(13)80194-0
0.6703029210038223,10.1021_ja801715c,10.2307_4638
0.6183992650441138,10.1109_isscc.2014.6757378,10.1021_jf00118a062
0.6875953954084665,10.1080_08927029508022331,10.1075_sl.2.3.06hys
0.4954925845829979,10.1016_0371-1951(62)80048-4,10.1111_j.1471-6402.1983.tb00614.x
0.5361519497935465,10.1016_j.neucli.2004.10.002,10.1021_jm049515h
0.7105503300068173,10.1021_ja807230c,10.1142_9789812772688_0002
0.5841404167386589,10.1021_ja8026828,10.1002_marc.1996.030171202
0.6804010607417393,10.2307_25083399,10.1139_v88-455
0.6661286658582063,10.1177_000348949510400711,10.14219_jada.archive.1982.0037
0.7096031495631543,10.1109_chinacom.2008.4685179,10.1111_j.1477-9730.1999.tb01516.x
0.5293360186858656,10.1080_00021369.1983.10863386,10.1016_0375-9474(72)90932-3
0.6702817510734548,10.1016_0026-2714(69)90274-1,10.1016_0028-3908(90)90007-e
0.8539644376121458,10.1016_s0002-8703(40)90033-3,10.1109_isscc.1958.1155610
0.46702063959566986,10.1140_epjc_s2004-01990-2,10.1021_ja903922u
0.702138282885151,10.1055_s-0034-1379901,10.1016_0026-265x(81)90108-9
0.6247646818511406,10.1139_v75-431,10.1016_s0893-6080(02)00079-5
0.5205005481137972,10.1140_epjc_s2004-01990-2,10.1055_s-0030-1260004
0.4783507273310706,10.1021_jf020710j,10.1021_ja5075689
0.463457307705602,10.1007_s12546-014-9138-0,10.1098_rspb.2000.1119
0.7255391745719356,10.2307_25083399,10.1109_ISMS.2014.57
0.7115660174014826,10.1139_v81-045,10.1016_s0890-6955(97)00066-7
0.8383217267142168,10.1016_j.ijrobp.2009.07.1455,10.1016_S0741-5214(07)00713-6
0.5241366582104445,10.1021_ja8026828,10.1002_maco.201106186
0.5063607961410049,10.1021_ja994281q,10.1038_hdy.1990.32
0.7839149452309288,10.1075_intp.5.2.14ind,10.1007_s00381-010-1149-3
0.6223379009152443,10.1080_00021369.1989.10869539,10.2307_20144207
0.8799295704772279,10.1016_s0741-5214(12)01178-0,10.1002_cbic.201190084
0.65361618346496,10.1016_j.ijms.2010.09.023,10.1002_marc.1996.030170804
0.5126694549266333,10.1088_0031-8949_2_4-5_005,10.1021_jf8015927
0.6524570522826764,10.1109_IWASI.2015.7184940,10.1002_bjs.1800620406
0.5834484285840045,10.1080_08927029508022331,10.1074_jbc.M709486200
0.8591486232156847,10.1021_jm001024j,10.1016_S0741-5214(07)01539-X
0.9183237799468098,10.1016_S0889-8545(05)70195-9,10.1111_j.1471-4159.1993.tb03529.x
0.6633857318836812,10.1002_bspy.350020201,10.1111_j.1474-919x.1906.tb07818.x
0.6677837416564175,10.1016_0371-1951(62)80048-4,10.1001_archinte.1933.00160040153011
0.8787103492457083,10.1021_ja994281q,10.1002_bs.3830160101
0.5810097845194822,10.2307_30215489,10.1016_S0140-6736(01)23993-2
0.6860615198515034,10.1021_je2004808,10.1055_s-0032-1316834
0.5611551283713451,10.1117_12.59356,10.1021_jf400062e
0.5705768696958781,10.1021_ja994281q,10.2307_20095333
0.5774264792952912,10.1016_j.ijms.2010.09.023,10.1139_z92-321
0.7250277791550871,10.1021_jf900882c,10.1016_0026-2714(65)90193-9
0.661210346861153,10.1016_S0140-6736(00)70172-3,10.1088_0253-6102_13_1_19
0.8670735307304057,10.1055_s-0034-1379074,10.1016_s0002-8703(36)90931-6
0.6129851350702699,10.1016_0371-1951(62)80048-4,10.1016_0375-9474(71)90188-6
0.5595023733399451,10.1002_cbic.201402449,10.1109_wsc.2004.1371481
0.5428153853082114,10.1007_s12546-014-9138-0,10.1002_mas.1280100304
0.7671441604710949,10.1002_bspy.350020201,10.1109_ispsd.2004.1332851
0.7091819938484961,10.2307_25083399,10.1088_0256-307X_17_4_019
0.7232447569721828,10.1139_v75-431,10.1117_12.563248
0.8456253672319948,10.1021_jm061016o,10.1016_S0002-9394(36)90394-X
0.49147928986163925,10.1140_epjc_s2004-01990-2,10.1080_08958370802207300
0.7659714458148699,10.1016_0030-4018(78)90433-9,10.2307_25141451
0.6095666448240745,10.1002_bjs.1800720432,10.1001_archneurpsyc.1930.02220070109005
0.569178212141217,10.1117_12.59356,10.1111_j.1471-6402.1995.tb00089.x
0.5393753601821952,10.1021_jf020710j,10.1002_cc.36819782409
0.5826063371135529,10.1021_jm00377a012,10.1016_S0140-6736(01)26060-7
0.633415505338207,10.1088_0026-1394_30_3_003,10.1021_ja806781u
0.7804800510417518,10.1002_mame.200800169,10.1016_s0741-5214(14)01738-8
0.4831403597799992,10.3168_jds.s0022-0302(04)73306-8,10.1139_v87-229
0.8300264426822945,10.1016_s0749-8063(03)00628-5,10.1016_s0738-081x(09)00163-1
0.8093893971434525,10.1002_bjs.1800650817,10.1016_S0885-3924(14)00475-8
0.661578250792588,10.1021_je900264b,10.3157_021.120.0217
0.9739474044072748,10.1016_0028-3932(89)90179-6,10.1016_0361-3658(86)90115-3
0.592255955800716,10.1021_jm00069a012,10.1021_je901085t
0.6992427055040098,10.1055_s-0034-1379901,10.1111_1399-3054.ep13259312
0.6401559154157842,10.1080_00021369.1983.10863386,10.1117_12.738671
0.48298818634220336,10.1117_12.59356,10.1109_wcst.2013.6750401
0.5192420309698175,10.1088_0031-8949_2_4-5_005,10.1016_0026-265x(88)90028-8
0.5386938615887604,10.2307_30215489,10.2307_4623304
0.44430698039249417,10.1140_epjc_s2004-01990-2,10.1021_ja800253z
0.5863505119356399,10.1080_08927029508022331,10.1002_kin.550270408
0.6119679823855663,10.2307_25083399,10.3161_1733-5329(2007)9[323:ansokc]2.0.co;2
0.7785819342643706,10.1007_s12596-015-0265-6,10.2307_25152219
0.6696410630537606,10.1080_00021369.1983.10863386,10.1109_ITNG.2007.180
0.675524697535188,10.1021_jf020710j,10.1017_S0022481200050301
0.43254376499241853,10.1140_epjc_s2004-01990-2,10.1007_978-3-642-27485-5_9
0.49488430872796396,10.1007_s12546-014-9138-0,10.1021_jm00199a025
0.53375393391335,10.1139_v75-431,10.1074_jbc.M609661200
0.765930669586467,10.1016_0030-3992(73)90034-0,10.1038_nature12061
0.8012204990859907,10.1016_0026-0495(94)90148-1,10.1139_z71-158
0.7542426999934722,10.1002_bspy.350020201,10.1088_0022-3735_8_9_003
0.46373300375317045,10.2307_3067925,10.1002_lpor.201100031
0.6663267819391707,10.1080_08927029508022331,10.1016_j.neurenf.2012.04.156
0.9407240306072238,10.1016_0026-265x(59)90371-6,10.14219_jada.archive.1960.0237
0.4612791965067994,10.1021_ja9623875,10.1117_12.56136
0.39515196121392065,10.2307_48887,10.2307_49076
0.7155474573634849,10.1139_v75-431,10.1038_nature04565
0.5834814586722001,10.2307_30215489,10.2307_30245283
0.6724558869569017,10.1021_je700312r,10.1016_0026-0495(65)90041-7
0.7223701568480327,10.1016_S0002-7138(09)61376-5,10.2307_40662752
1.0826181921906792,10.1021_ja992808t,10.1016_0026-0495(86)90086-7
0.7853145853767792,10.1111_j.1474-919x.1938.tb00218.x,10.1002_bjs.1800660817
0.5836927779495845,10.2307_25083399,10.2307_3069019
0.7662049526805987,10.1016_s0001-8791(06)00099-6,10.1093_ntr_ntq062
0.743508485167763,10.1002_bjs.1800720432,10.1139_y76-038
0.7198938484054221,10.3168_jds.S0022-0302(89)79235-3,10.1016_0029-554x(68)90207-3
0.5986273577266422,10.1117_12.59356,10.1098_rsbl.2007.0146
0.6429514459836333,10.1016_0371-1951(62)80048-4,10.1016_s0741-8329(98)00081-0
0.6930891041960314,10.1016_0371-1951(62)80048-4,10.1021_je700611f
0.702709679467879,10.1088_0022-3735_15_5_008,10.1139_z91-158
0.9286193120064772,10.3168_jds.S0022-0302(74)85055-1,10.1016_S0741-5214(13)00820-3
0.7809803562967582,10.1016_S0889-8545(05)70195-9,10.1139_x07-098
0.5331780455334644,10.1117_12.59356,10.1021_jm00139a005
0.5841247918143616,10.1080_08927029508022331,10.1080_08985626.2015.1066875
0.6489286308702046,10.1088_0022-3735_15_5_008,10.2136_sssaj1979.03615995004300060015x
0.7084434515708369,10.1016_s0886-3350(10)01927-9,10.14219_jada.archive.1957.0180
0.5350963641949047,10.1002_bscb.19620710707,10.1007_s12303-011-0031-y
0.6709430287956883,10.1175_JCLI-D-11-00284.1,10.1177_000331977802900807
0.8314368137315055,10.1038_jid.1951.9,10.1017_S0032247400057983
0.8163971075982739,10.2307_40692796,10.1016_0375-9474(81)90449-8
0.5132315300633005,10.2307_30215489,10.1021_jacs.5b03373
0.5546065393059395,10.1140_epjc_s2004-01990-2,10.1021_jm00139a005
0.6036096734820955,10.1016_S0140-6736(01)55447-1,10.1017_s0021932000022264
0.5861760952193701,10.1109_IWASI.2015.7184940,10.1111_j.1475-4754.1980.tb00271.x
0.6399105744424541,10.1139_y71-038,10.1002_mawe.200390160
0.5344501362983908,10.1016_0030-4018(71)90220-3,10.1080_08839510802170546
0.561454184772114,10.1021_ja9081809,10.2307_4070454
0.5814717076271535,10.1088_0026-1394_30_3_003,10.1080_00021369.1985.10867215
0.5693392299303698,10.1021_jf020710j,10.1007_s00402-006-0256-9
0.5464689325599414,10.1007_s12596-015-0265-6,10.1175_JAS-D-11-0203.1
0.6797995047990034,10.1093_occmed_27.3.113,10.1016_j.burns.2006.10.148
0.658973657756516,10.1016_j.ijrobp.2009.07.022,10.1111_j.1471-4159.1992.tb09442.x
0.530455499767111,10.1080_00021369.1989.10869539,10.2307_40648098
0.962930687184941,10.1055_s-0030-1261045,10.1111_j.1474-919x.1951.tb05434.x
0.5425233057843372,10.1002_maco.19800311011,10.1017_s0022215100132074
0.5198971126331611,10.1109_IWASI.2015.7184940,10.1109_wsc.2012.6465006
0.7243864788040533,10.1002_bspy.350020201,10.1007_bf01793572
0.5260931265716315,10.1117_12.59356,10.1017_S0025315405011732
0.7938335681444211,10.1016_s0883-5403(04)00481-4,10.1001_archneur.1977.00500130082029
0.8287855972579317,10.1016_S0741-5214(04)00130-2,10.1016_s0001-2092(07)68097-1
0.7760569228241452,10.2307_25138676,10.1139_v69-784
0.7687724774093666,10.1016_s0885-3924(08)00358-8,10.1021_jf901209r
0.6521284022682232,10.2307_25083399,10.1016_0026-2714(84)90781-9
0.4997352595442765,10.2307_3067925,10.1016_j.bpj.2013.08.036
0.8412614469787624,10.1007_s00338-008-0448-6,10.1021_jf960731b
0.575517674598787,10.1021_jf020710j,10.1002_marc.200500793
0.5992409617526147,10.1007_s12546-014-9138-0,10.1140_epje_i2016-16001-2
1.0220286336655213,10.1002_bjs.18004921401,10.1016_s0002-8703(38)90721-5
0.8680223410706426,10.1002_bjs.1800800235,10.2165_00128413-199509980-00041
0.5920757963798775,10.1021_ja994281q,10.1016_0375-9474(70)90114-4
0.8583088963986097,10.1099_0022-1317-68-4-1191,10.2307_40606710
0.7376704043349549,10.1016_S0741-5214(04)00595-6,10.1016_0030-4018(78)90433-9
0.5518937229276347,10.1016_0026-2714(67)90205-3,10.1002_cbic.200900242
0.6039609611176103,10.1080_00021369.1989.10869539,10.1055_s-0030-1259928
0.4801943544999444,10.1021_jm00377a012,10.1017_S0022278X13000049
0.6532899033042049,10.2307_30215489,10.3161_150811013X678928
0.7142471228276338,10.2307_4636415,10.2307_25154991
0.49917967919823353,10.1021_jm00377a012,10.1002_marc.200800257
0.5388512033558633,10.1021_jm00377a012,10.1002_bscb.19700790901
0.484368107972636,10.1021_ja9081809,10.1021_je60083a012
0.6651852021206563,10.1016_s0883-5403(10)00707-2,10.1093_ntr_nts063
0.7865892342761316,10.1016_S0889-8545(05)70195-9,10.1021_jf401379s
0.5306779587522291,10.1002_bjs.1800720432,10.1088_0143-0807_35_6_065018
0.8708566008254478,10.3168_jds.s0022-0302(02)74059-9,10.1016_s0892-0362(06)00066-3
0.8210648966493612,10.1002_bspy.350020201,10.1038_nature14303
0.9103864256497047,10.1002_bjs.18005022401,10.2307_40674265
0.7459467321732854,10.1088_0022-3727_40_6_s04,10.1016_s0890-5401(04)00138-5
0.6398183207591437,10.1002_bjs.1800720432,10.1016_S0140-6736(01)64582-3
0.5114857617229754,10.2307_30215489,10.1021_jm020835f
0.5703058746024586,10.1117_12.59356,10.3168_jds.2006-698
0.8712580051662714,10.1111_j.1477-9552.1972.tb01441.x,10.1016_s0001-8791(04)00103-4
0.4091943619322573,10.1111_1439-0434.ep14191713,10.1140_epjc_s10052-012-1947-8
0.45984875284442805,10.1021_ja8026828,10.1016_j.cap.2003.11.086
0.5286429874629084,10.1016_j.ijms.2010.09.023,10.1139_v69-436
0.7967318282972349,10.14219_jada.archive.1918.0386,10.3168_jds.S0022-0302(75)84535-8
0.819382313307695,10.1016_S0889-8545(05)70195-9,10.1016_j.burns.2013.01.018
0.8935277945215092,10.1016_0029-5582(62)91047-7,10.1016_S0886-3350(14)01586-7
0.9618277774683525,10.1016_s0002-9378(08)02191-1,10.1021_jf0581877
0.5892644876183091,10.1117_12.59356,10.1098_rsbl.2003.0054
0.7863982409342156,10.1016_j.nepr.2009.03.001,10.1002_cbic.200900641
0.4917470892840996,10.1021_ja954307n,10.1002_marc.200500836
0.6560673896578615,10.1002_bjs.1800720432,10.1038_nature11975
0.6453593080814042,10.1002_bjs.1800720432,10.1002_marc.200300320
0.5609503461951879,10.1002_bjs.1800720432,10.1080_00021369.1976.10862108
0.4964377826325049,10.1055_s-0035-1560907,10.1016_0026-265x(85)90046-3
0.7927222539095364,10.1117_12.59356,10.1016_s0889-1575(03)00036-x
0.5573522102254586,10.1021_ja994281q,10.1002_macp.1994.021950224
0.5290383400410018,10.1021_jf020710j,10.1021_ja9824324
0.5655805267730329,10.2307_30215489,10.1139_p89-042
0.6416731191053386,10.2307_30215489,10.1111_j.1474-919x.1982.tb03779.x
0.6408886304909651,10.1021_ja994281q,10.1080_00020187008707337
0.7311118497613162,10.1021_jm00377a012,10.1016_0368-2048(83)85064-6
0.8451275754257163,10.1016_0026-2714(73)90323-5,10.1021_jm030167d
0.6622663160728196,10.1002_bspy.350020201,10.1016_0375-9474(72)90261-8
0.7377061031801402,10.1007_bf01799398,10.1016_j.cap.2013.05.015
0.5966051924570719,10.1093_neuonc_nos021,10.1016_0361-9230(90)90276-6
0.560972125846792,10.1021_ja8026828,10.1080_09291017709359571
0.6474382818882246,10.2307_3067925,10.1002_marc.200990010
0.5753328868320068,10.1111_j.1475-1313.2008.00611.x,10.1021_jf980223x
0.7593195221161485,10.1021_je00039a029,10.1016_S0002-9394(36)95196-6
0.46880198393790734,10.1021_jm00377a012,10.1099_00207713-40-2-175
0.5641920532739584,10.1080_00031305.1971.10477266,10.1007_s00340-007-2875-4
0.5982699838885667,10.1002_bjs.1800720432,10.1016_j.ijom.2013.07.608
0.5281265769444348,10.2307_3067925,10.1117_12.666254
0.6537824339683772,10.1109_CHINACOM.2007.4469575,10.1002_cbic.200990003
0.5613889236727172,10.1002_marc.201000064,10.1016_S0753-9053(05)80331-X
0.6856119406075535,10.1080_08927029508022331,10.1016_j.ijoa.2008.07.012
0.6353534124923489,10.2307_3067925,10.1001_archderm.1921.02350140111018
0.6490447498715756,10.1139_v75-431,10.1080_08855072.1986.10668517
0.5464824167028849,10.1021_jm00377a012,10.1017_S002193710002133X
0.812193237258321,10.1002_cbdv.200990000,10.1016_S0741-5214(03)01762-2
0.8477225310548909,10.1016_s0001-8791(03)00078-2,10.1016_s0883-5403(03)00470-4
0.7685568781951846,10.2307_30215489,10.1016_0030-4018(82)90077-3
0.7204714060950379,10.1002_bspy.350020201,10.1093_oq_7.3.220-a
0.7298660576237664,10.2307_25083399,10.1139_z81-214
0.6156521080574902,10.1109_CCECE.1998.682717,10.1007_s003400100500
0.8043713511517612,10.1016_s0741-5214(11)02223-3,10.2307_467878
0.5293791339669265,10.1117_12.59356,10.1002_mats.201500004
0.6220096028979064,10.1021_jf020710j,10.1016_0371-1951(52)80010-4
0.4843317121508618,10.1117_12.59356,10.2307_25130557
0.6048958690692725,10.1080_00031305.1971.10477266,10.1111_j.1471-4159.1990.tb02348.x
0.749825345381624,10.2307_25083399,10.1080_09500340701403152
0.5738202025674042,10.1080_00021369.1983.10863386,10.1002_macp.1990.021911230
0.7958659960486778,10.2165_00128413-200012590-00001,10.2307_20149557
0.8470905918225914,10.1093_occmed_15.1.155-a,10.1109_wnwec.2009.5335833
0.5257439112626299,10.2307_30215489,10.1016_j.ijrmhm.2009.04.005
0.6644169269731587,10.1080_089583799197177,10.1109_WFOPC.2005.1462129
0.5106503299109132,10.1080_00021369.1983.10863386,10.1002_bsl.555
0.3042872438077465,10.1016_s0883-5403(07)00474-3,10.1016_s0883-5403(11)00292-0
0.580028048081467,10.1080_08927029508022331,10.1002_macp.1997.021980235
0.884707602853069,10.1016_s0740-5472(07)00123-7,10.1111_j.1477-8947.1979.tb00411.x
0.9025346762169592,10.1016_S0890-8567(14)00415-8,10.1109_WCSE.2010.156
0.9035522229279005,10.1016_S0002-7138(09)61376-5,10.1016_s0889-5406(04)00490-1
0.5428184150416089,10.2307_3067925,10.1139_v77-539
0.47063707891253165,10.1080_00021369.1983.10863386,10.2307_4059245
0.6615471003590836,10.2307_25083399,10.1002_bjs.1800790845
0.5152417121534583,10.1080_00021369.1979.10863630,10.1002_cbic.201100042
0.5757148688546859,10.1139_v81-045,10.1111_j.1478-4408.1989.tb01181.x
0.5951928311817821,10.2307_30215489,10.1021_ja9102309
0.5217994823908197,10.1109_IWASI.2015.7184940,10.1111_j.1472-8206.1994.tb00838.x
0.5686620202454585,10.1016_j.ijms.2010.09.023,10.1002_mabi.201100043
0.5571741277212436,10.1021_jm00069a012,10.1016_j.mssp.2014.10.032
0.45543512882870396,10.1080_00021369.1983.10863386,10.1117_12.432553
0.6841005524495822,10.1016_0026-2714(68)90090-5,10.1016_0028-3908(93)90054-7
0.8319169632157424,10.1002_bjs.1800720432,10.1002_cbic.200990018
0.634087591273604,10.1021_ja906363t,10.1109_wts.2006.334546
0.5323435632185,10.1002_bjs.1800720432,10.1109_cgi.2005.1500412
0.5883880216211997,10.1021_ja994281q,10.1111_1399-3054.ep13033092
0.7596616507289256,10.1016_S0889-8545(05)70195-9,10.1016_j.buildenv.2008.11.004
0.5678702799815781,10.1117_12.59356,10.1016_S0002-9394(14)75642-9
0.7044909488653953,10.1016_0030-3992(74)90064-4,10.1016_0026-2714(89)90565-9
0.8217116443361423,10.1109_isscc.1958.1155611,10.1186_1532-429x-13-s1-p375
0.5876199172330953,10.1016_j.ijms.2010.09.023,10.1001_archinte.1958.00260150057007
0.6046475062871838,10.1016_S0140-6736(00)70172-3,10.1021_je990059p
0.8741708532967642,10.3168_jds.s0022-0302(04)73260-9,10.1016_S0894-7317(05)01017-5
0.8622073982469401,10.1016_s0001-8791(10)00039-4,10.1016_S0741-5214(13)00281-4
0.6222525768048804,10.1080_00021369.1979.10863630,10.2307_4064290
0.5516835861209116,10.1002_bjs.1800720432,10.1021_jf801225n
0.9568706840529466,10.1016_0375-9474(84)90168-4,10.1016_S0741-5214(13)02240-4
0.8637266554865403,10.1016_s0885-3924(13)00900-7,10.1007_s12650-013-0186-x
0.5150900926081511,10.1139_v81-045,10.1002_mabi.201100443
0.7759526720223625,10.1139_v92-171,10.1007_s12403-015-0181-7
0.6629237501001004,10.1080_00031305.1971.10477266,10.1016_0371-1951(63)80138-1
0.5185393600401502,10.1021_jf020710j,10.1038_hdy.1990.85
0.5797855000773642,10.1016_0371-1951(62)80048-4,10.1055_s-0031-1290340
0.4667528823258643,10.1080_00021369.1983.10863386,10.1088_0022-3727_43_13_133001
0.47602889582383634,10.1021_ja8026828,10.1016_0360-3016(92)90969-o
0.6294823900987385,10.1002_bjs.1800720432,10.1016_s0890-6955(02)00157-8
0.8121803962585874,10.2307_25156546,10.1021_jm00090a600
0.7435959358871478,10.1016_S0889-8545(05)70195-9,10.1016_j.zemedi.2009.06.007
0.8538274644311312,10.1021_je500041j,10.1016_j.brainresbull.2005.06.033
0.7568572384518922,10.1016_S0889-8545(05)70195-9,10.1002_macp.1981.021820818
0.6876561942097577,10.1080_00031305.1971.10477266,10.14798_72.4.768
0.9030424092863221,10.1016_s0001-706x(96)00647-x,10.1017_s0025100300000207
0.5931050971186062,10.1109_IWASI.2015.7184940,10.1021_jacs.5b02280
0.5402672910911784,10.1021_ja8026828,10.1098_rstb.2004.1487
0.6264927384221215,10.1088_0022-3735_15_5_008,10.3168_jds.s0022-0302(99)75306-3
0.5480048630156924,10.1139_v92-171,10.1175_JTECH1989.1
0.7917245553186737,10.1016_S0741-5214(01)70017-1,10.1016_0026-265x(59)90120-1
0.7549392006550352,10.1001_archinte.1960.03820010150019,10.1109_ccece.1999.807182
0.8022073007006317,10.1117_12.440150,10.1016_0363-5023(92)90143-D
0.6593128829932067,10.1139_v01-135,10.1016_0027-5107(82)90038-0
0.7072267454295761,10.1016_0026-265x(59)90415-1,10.1021_jm00098a006
0.5266531574210944,10.1021_ja994281q,10.1088_0256-307X_25_9_081
0.7131601352365509,10.1002_bspy.350020201,10.1016_0028-3932(79)90056-3
0.5538775245375469,10.1002_bjs.1800720432,10.1016_j.mssp.2015.06.024
0.8023362620045192,10.1016_0375-9474(81)90127-5,10.1017_S0032247400025638
0.4781251455246258,10.1021_jm000493i,10.1016_0368-2048(77)85014-7
0.5121941706557089,10.1175_JCLI-D-11-00284.1,10.1109_iwce.1998.742702
0.9033281335735831,10.2307_25156397,10.1001_archderm.1935.01460230161020
0.5566331997940663,10.1088_0031-8949_2_4-5_005,10.1016_0368-2048(85)80007-4
0.4850585129259273,10.1007_s12546-014-9138-0,10.1001_archinte.1954.00250030130016
0.717463428330769,10.1016_j.carbpol.2007.12.017,10.1002_cbdv.200590131
0.6103609700690963,10.1016_0030-4018(71)90220-3,10.1016_j.mssp.2015.05.065
0.49157371143713013,10.2307_3067925,10.1002_cbic.201402313
0.7588368465177514,10.1016_0030-3992(73)90034-0,10.1139_z71-129
0.5587303145044228,10.1021_jm00377a012,10.2307_480643
0.5192721797605228,10.1002_maco.19840351217,10.1080_09064701003796742
0.7643015174672197,10.1017_s0032247400038122,10.1021_ja961371b
0.5301268796059275,10.1021_jf020710j,10.1109_CIMCA.2005.1631394
0.5737090971782699,10.1016_j.ijms.2010.09.023,10.1007_bf01800421
0.7535857797678205,10.1080_08927029508022331,10.14219_jada.archive.1959.0256
0.5292990270575542,10.1016_0371-1951(62)80048-4,10.1175_JAS-D-15-0154.1
0.6063089737873716,10.1109_IWASI.2015.7184940,10.1111_1399-3054.ep12923339
0.5549210246889522,10.1139_y71-038,10.1021_ja984304l
0.9510363255970863,10.1021_jm100114u,10.1109_wicom.2009.5303235
0.9184300158893203,10.1021_jf800636n,10.1021_jf60009a700
0.515370227482997,10.1021_ja994281q,10.2307_40695231
0.9364759266958282,10.1038_icb.1955.38,10.1109_istdm.2014.6874638
0.5879505766338889,10.1080_00021369.1979.10863630,10.1055_s-0029-1217095
0.5586312354867129,10.1080_08927029508022331,10.1080_08958370802136749
0.6467423550011482,10.1080_08927029508022331,10.1016_0026-265x(59)90429-1
0.5050256629869181,10.1177_000348949510400711,10.1038_nchem.666
0.5921847580011121,10.1016_j.ijms.2010.09.023,10.1080_00032711003783184
0.7345363116250943,10.1021_jf010852y,10.1109_WCPEC.2006.279793
0.49102355134751124,10.1080_00021369.1983.10863386,10.1016_j.msec.2013.11.009
0.6434426305470695,10.1111_1439-0434.ep14191713,10.1016_0026-2714(87)90867-5
0.626187924625247,10.1007_s00340-007-2775-7,10.1016_j.cap.2011.05.031
0.8062276576097909,10.1016_s0001-8791(10)00027-8,10.1016_0375-9601(69)90641-0
0.5456768727128259,10.1016_j.ijms.2010.09.023,10.1021_jf010184g
0.8375425923364045,10.1016_S0889-8545(05)70195-9,10.14219_jada.archive.1981.0446
0.7188431315686192,10.1007_s12546-014-9138-0,10.1007_bf01799521
0.6476642818245038,10.1002_cbdv.200900175,10.1001_archderm.1923.02360110147016
0.8390996137057104,10.1016_S0889-8545(05)70195-9,10.1007_978-3-642-24001-0_27
0.5705512070562236,10.1002_cbdv.200900175,10.1007_s12540-014-4007-0
0.58003689801523,10.1021_ja8026828,10.1007_s00402-005-0055-8
0.6178529547366669,10.1007_bf01799398,10.2307_40676078
0.8391504008464274,10.1016_S0889-8545(05)70195-9,10.1080_00021369.1975.10861926
0.5391412908739892,10.1139_v81-045,10.1021_ja990517e
0.7422649175954039,10.1021_jm0408924,10.1016_S0741-5214(01)70201-7
0.5595378002823709,10.1080_00021369.1976.10862400,10.1016_j.canlet.2011.07.029
0.491903069636505,10.1117_12.59356,10.1002_maco.19880390419
0.6533044665583315,10.1080_08927029508022331,10.1016_j.neures.2011.07.1223
0.6842326875693832,10.1016_j.ijms.2010.09.023,10.1021_jm00033a009
0.5271195092995966,10.1016_j.ijms.2010.09.023,10.1016_0375-9474(79)90312-9
0.8471990059252238,10.1016_j.ijrobp.2014.05.065,10.1139_v71-387
0.6049733994743673,10.1088_0022-3735_15_5_008,10.1021_je400158p
0.5081407136786753,10.1109_IWASI.2015.7184940,10.1117_12.502188
0.7591131619009581,10.1016_S0889-8545(05)70195-9,10.1139_v83-425
0.6911162964982944,10.1002_bspy.350020201,10.2307_20111395
0.723704928370532,10.2307_30215489,10.1007_978-3-642-36240-8_80
0.5753142755138881,10.1088_0031-8949_2_4-5_005,10.1002_macp.200800290
0.9397906435139184,10.1111_0022-1082.00198,10.1016_0363-5023(92)90143-D
0.4513264869395507,10.1021_jf020710j,10.1055_s-0029-1218757
0.46912763627877707,10.1117_12.59356,10.1001_archinte.1935.00170040221012
0.7699870661531621,10.1016_S0889-8545(05)70195-9,10.1074_jbc.M611318200
0.4755278433861868,10.1021_jf020710j,10.1002_mame.201100124
0.8855489601433733,10.1016_s0001-8791(09)00041-4,10.1016_S0890-8567(14)00415-8
0.5556358235802481,10.1080_08927029508022331,10.1016_j.msec.2008.04.015
0.6906818316712529,10.1088_0031-8949_2_4-5_005,10.1001_archinte.1908.00050030105005
0.8454212772904239,10.2307_25083399,10.1017_S003224740006109X
0.8291452206017905,10.1111_1467-8276.t01-1-00258,10.2307_20113024
0.7025798924448657,10.1002_bspy.350020201,10.1016_0030-4220(77)90234-1
0.8184922174760325,10.1016_S0889-8545(05)70195-9,10.1021_jacs.5b01944
0.4843810317061159,10.1016_j.ijms.2010.09.023,10.1021_ja909715g
0.5708557220341095,10.1088_0022-3735_15_5_008,10.1021_jf60206a005
0.6476498438340854,10.1080_08927029508022331,10.1002_mame.200600408
0.5189696784582397,10.1109_IWASI.2015.7184940,10.1002_marc.201000107
0.6243026139547505,10.2307_30215489,10.1080_09500340050080286
0.8570209756272129,10.1088_0031-8949_57_3_019,10.1016_S0741-5214(04)00557-9
0.6047630270796039,10.1139_y71-038,10.1055_s-0030-1259076
0.7710894622588514,10.1021_je00039a029,10.1186_1743-422x-7-138
0.4765724855205965,10.1080_00021369.1983.10863386,10.1140_epjb_e2003-00043-5
0.875951006872323,10.1016_s0883-5403(07)00489-5,10.1007_s12541-010-0112-2
0.6223486508098357,10.1021_je00039a029,10.1021_ja960102i
0.48216644493191135,10.1021_jf020710j,10.3161_1733-5329(2005)7[309:ROTMFB]2.0.CO;2
0.5368529117961278,10.1139_v01-135,10.1080_00015129109439927
0.6533064965138033,10.1080_00032710600952374,10.1007_978-3-642-12214-9_72
0.5998032638138234,10.1007_s12546-014-9138-0,10.1021_jf048799b
1.0048610948740928,10.1016_S0002-7138(09)60979-1,10.1016_0029-5582(63)90497-8
0.62351639391766,10.1016_0371-1951(62)80048-4,10.1007_s12228-013-9311-3
0.7167872470337011,10.1001_archneur.1977.00500130082030,10.2307_25136066
0.5004584822257782,10.1177_000348949510400711,10.1007_s00339-010-6144-8
0.6940582289534022,10.1139_v75-431,10.1038_nature07133
0.5035658250886031,10.1080_00021369.1983.10863386,10.1021_jf5051975
0.5831266743636693,10.1021_je2004808,10.1016_0026-2714(92)90189-r
0.47105126601159,10.1016_0030-4018(71)90220-3,10.1007_s00339-010-6128-8
0.6768151690385227,10.1080_08927029508022331,10.1088_0029-5515_54_2_023002
0.6820278790559836,10.1016_0026-265x(84)90059-6,10.1001_archinte.1963.03860020159022
0.5502502030084595,10.2307_30215489,10.1140_epjb_e2012-20968-6
0.9154444326973414,10.1080_08927014.2004.9522642,10.1002_bjs.18004921301
0.8851536241263916,10.1109_isscc.1958.1155590,10.1002_cbic.200990030
0.7407395979540943,10.1002_bspy.350020201,10.2307_40678465
0.657914315798976,10.1002_bspy.350020201,10.1074_jbc.M802574200
0.5675086028544116,10.2307_30215489,10.1117_12.795529
0.7725528548833476,10.1016_j.bpj.2013.03.016,10.2307_25155573
0.6738914187825166,10.1177_0003065114539006,10.1002_bjs.1800640512
0.6800331441044469,10.1139_v75-431,10.1109_ceidp.1989.69539
0.6784860229270896,10.1016_S0140-6736(01)20468-1,10.1016_s0891-5849(00)00427-5
0.92817180223308,10.1007_s00330-012-2605-0,10.1016_S0741-5214(06)00232-1
0.7641342428956404,10.1139_v75-431,10.1109_iv.2001.942083
0.503806438277484,10.1080_00032710600952374,10.1080_00032710500210626
0.7263136350832516,10.1016_0370-2693(68)90045-2,10.2307_40660763
0.5272524324445778,10.1109_IWASI.2015.7184940,10.2307_30224498
0.5875510497958791,10.1139_v81-045,10.2307_4641047
0.5508917364242639,10.1080_00032719808002848,10.1021_ja802404g
0.5392382487350859,10.1002_bjs.1800720432,10.1016_0026-265x(88)90002-1
0.4780654367711438,10.1117_12.663261,10.1117_12.273726
0.5435677570456086,10.1021_jm00377a012,10.1007_s12221-014-0254-4
0.7130686570045576,10.1088_0022-3735_15_5_008,10.1002_macp.1978.021790915
0.8908618406478038,10.1016_s0741-5214(09)01499-2,10.1021_jm030540h
0.4802490285125231,10.1021_jm00377a012,10.1002_mabi.201300323
0.571031122464409,10.1080_00032710600952374,10.1016_j.mseb.2004.12.020
0.5198090728911006,10.1021_jm00377a012,10.1002_bjs.1800600218
0.4567087091166539,10.1021_ja8026828,10.1002_mabi.200700002
0.9436793913855125,10.1139_v75-395,10.1002_cbic.201090029
0.7417569060503109,10.1016_S0889-8545(05)70195-9,10.1021_jf800467v
0.587073093313506,10.1021_jf020710j,10.1109_ceem.2000.853970
0.7660548583280277,10.1016_s0001-8791(03)00078-2,10.1111_j.1475-1305.2008.00560.x
0.5256851393124825,10.1080_00021369.1979.10863630,10.1111_j.1471-4159.1992.tb09405.x
0.43651089555968786,10.1140_epjc_s2004-01990-2,10.1142_9781908977229_0003
0.4854534154374141,10.1117_12.59356,10.1002_macp.1963.020600115
0.524278276864148,10.1117_12.59356,10.1140_epjd_e2007-00276-4
0.6590561836050617,10.1080_00031305.1971.10477266,10.2307_20106069
0.6510060444459225,10.1088_0022-3735_15_5_008,10.1002_bscb.19911000305
0.4497769120788527,10.1021_jf020710j,10.1074_jbc.m607684200
0.6197735106077359,10.1140_epja_i2006-08-022-9,10.1002_ca.20579
0.5420578281402865,10.1007_s12546-014-9138-0,10.1016_j.ijom.2014.03.011
0.6671865633626184,10.2307_25083399,10.2307_2522841
0.6832298370453023,10.1002_bspy.350020201,10.1111_j.1471-4159.1992.tb08452.x
0.669123547835438,10.1109_CHINACOM.2007.4469575,10.1016_0026-2714(72)90797-4
0.6030699534784556,10.1016_j.ijms.2010.09.023,10.1016_j.msec.2007.10.047
0.4471938622443,10.1021_jf020710j,10.1076_snfe.38.2.87.15924
0.6095474658477044,10.1177_000348949510400711,10.1016_0030-4220(50)90279-9
0.5077704551789709,10.1109_isscc.2014.6757378,10.1007_s00339-004-2643-9
0.690431245479033,10.1177_000348949510400711,10.1007_978-3-642-36240-8_32
0.6334045388690206,10.1139_v75-431,10.1016_0368-2048(87)80066-x
0.8262887290990983,10.1109_isse.2012.6273163,10.1016_0028-3932(72)90035-8
0.7146807153893209,10.1139_v75-431,10.1016_0026-0657(95)92661-5
0.8792274236180333,10.1021_ja802011n,10.1016_0026-0800(77)90013-1
0.7297698556843892,10.1117_12.663261,10.1055_s-0034-1379217
0.4290353414201417,10.2307_3067925,10.1002_mawe.200900504
0.7276883077601706,10.1016_S0889-8545(05)70195-9,10.1016_j.buildenv.2014.06.010
0.9008390285217307,10.1016_S0741-5214(05)01160-2,10.2307_25155128
0.621396348108396,10.1080_08927029508022331,10.1139_z84-178
0.5516905316205432,10.1021_jm010175z,10.1111_1399-3054.ep13270051
0.7546878312147182,10.1016_S0889-8545(05)70195-9,10.1021_jacs.6b00625
0.6467349468572464,10.1088_0022-3735_15_5_008,10.1016_0026-2714(73)90522-2
0.46347210616921264,10.1007_s00339-011-6681-9,10.1002_cber.19971301103
0.520856959403671,10.1088_0031-8949_2_4-5_005,10.1139_y69-055
0.9333609798186112,10.1016_s0741-5214(04)00167-3,10.1088_0264-9381_10_S_035
0.5333167280517114,10.1021_ja994281q,10.1007_978-3-642-23869-7_36
0.6907334337981422,10.1002_bspy.350020201,10.1016_0371-1951(48)80074-3
0.6095711628594108,10.1016_S0890-8567(14)00344-X,10.1016_s0883-5403(10)00359-1
0.8804881128294745,10.1021_jf970878i,10.1016_s0741-5214(10)01756-8
0.6247669582393878,10.1139_v81-045,10.1109_isuma.1990.151257
0.5384810866885325,10.1109_IWASI.2015.7184940,10.3168_jds.2011-4366
0.4561275262605306,10.1021_ja8026828,10.1017_S0024282911000545
0.7045202862949658,10.1021_je900264b,10.1017_S0032247400044211
0.76274441758432,10.1016_s0886-3350(11)01702-0,10.1016_s0889-5406(04)00412-3
0.6599063871803742,10.1016_S0002-9394(14)78063-8,10.1016_0029-554x(68)90184-5
0.4831693345515499,10.1007_s00339-011-6681-9,10.1016_j.cap.2007.10.065
0.7185104013280318,10.1111_j.1477-9552.1998.tb01259.x,10.1001_archderm.1976.01630270005001
0.4252395159279747,10.1007_s00339-011-6681-9,10.1109_wetice.2014.39
0.758449048545533,10.1021_jm010459j,10.1016_s0886-3350(12)01012-7
0.4130606907837418,10.2307_3067925,10.1139_v05-116
0.574523381980821,10.1016_0026-265x(86)90016-0,10.1109_wicom.2009.5303235
0.8963498767820773,10.3168_jds.s0022-0302(04)73135-5,10.1016_s0001-8791(03)00078-2
0.8784784600756573,10.1016_S0741-5214(07)00754-9,10.1021_jm030540h
0.8114419348559014,10.1016_s0001-8791(09)00005-0,10.1111_j.1471-4159.1990.tb04923.x
0.8232341500140532,10.1175_WAF-D-14-00004.1,10.1016_0026-0495(91)90181-u
0.6765094006128385,10.1021_ja994281q,10.1016_j.ijom.2009.02.008
0.7692083477770325,10.1016_0030-4220(51)90172-7,10.1016_0361-9230(80)90210-5
0.9228655080142709,10.1002_bjs.18004921301,10.1016_s0741-5214(03)01432-0
0.8194469965466047,10.1016_0030-4220(79)90058-6,10.1007_bf01845915
0.24951123222184343,10.1016_S0741-5214(13)01415-8,10.1016_S0741-5214(14)02240-X
0.9521560789931708,10.1016_0028-3932(72)90074-7,10.14219_jada.archive.1918.0386
0.5064995508117796,10.2307_3067925,10.1021_jm0000968
0.5099416329322118,10.1021_ja8026828,10.1002_bscb.19650740708
0.4590383732203387,10.1021_ja8026828,10.1111_j.1471-4159.1993.tb13612.x
0.7546808115047183,10.1016_j.nepr.2009.03.001,10.1016_0375-9474(84)90392-0
0.5942740627299021,10.1002_bspy.350020201,10.1016_j.bpj.2015.02.018
0.5239568481752622,10.2307_30215489,10.1002_cbic.201200365
0.6453323550129677,10.1088_0022-3735_15_5_008,10.1016_0026-265x(85)90044-x
0.6948624351934856,10.1002_bspy.350020201,10.1007_s00339-012-7301-z
0.668077760953735,10.2307_25083399,10.1002_marc.200600329
0.5229810424229636,10.1088_0022-3735_15_5_008,10.1055_s-0030-1250492
0.6042116900491877,10.2307_3067925,10.1016_0030-4220(76)90269-3
0.8707675322514121,10.1007_s12541-010-0112-2,10.1016_s0001-8791(09)00005-0
0.6360811427545593,10.1080_00031305.1971.10477266,10.1016_j.mspro.2014.06.108
0.5779912533712699,10.1016_0371-1951(62)80048-4,10.1109_wsc.2000.899187
0.5737414760297843,10.1139_v81-045,10.1002_macp.1992.021930913
0.46882680137778965,10.1016_j.ijms.2010.09.023,10.1007_s00339-004-2804-x
0.6395227837882669,10.1139_v81-045,10.1016_j.ijoa.2005.12.006
0.6730391967225368,10.1021_ja801715c,10.1016_0364-5916(88)90032-6
0.8431345263972152,10.2307_25155346,10.1016_S0002-9394(13)00542-4
0.6327707139986685,10.1002_bjs.1800720432,10.1080_08927019809378360
0.5422922439656759,10.1080_00021369.1989.10869539,10.1093_nar_gkn312
0.6548127735750725,10.1111_j.1477-9552.1963.tb01970.x,10.1016_0030-4018(88)90135-6
0.6930183287590105,10.1074_jbc.R113.467712,10.1016_0026-265x(66)90124-x
0.9537886833798761,10.1111_j.1471-4159.1993.tb07484.x,10.2307_30545
0.6000022029378306,10.1021_je00039a029,10.1139_v09-112
0.8037544190643015,10.1016_s0828-282x(11)01442-5,10.1093_occmed_39.4.158
0.5087307722765717,10.1021_ja9623875,10.1038_nature16440
0.6367656047649443,10.1117_12.59356,10.1007_978-3-642-12349-8_3
0.6996108253521742,10.1016_s0002-8703(08)00672-8,10.1016_s0741-5214(08)00678-2
0.5475431341873749,10.1055_s-0035-1560907,10.1016_0375-6742(92)90077-l
0.8216680298655017,10.2307_25083399,10.1109_iwce.2000.869926
0.5313416410529662,10.1088_0031-8949_2_4-5_005,10.1021_jm00182a021
0.6436501345166198,10.1016_0371-1951(62)80048-4,10.1016_0375-9474(94)00664-9
0.6503136468962711,10.1139_v75-431,10.1021_jacs.5b10924
0.610363608433253,10.1055_s-0034-1379901,10.1038_ja.2008.70
0.8903234407735354,10.1007_bf01834212,10.1007_s00338-009-0495-7
0.7259087620109571,10.1080_08927029508022331,10.1016_S0002-9394(34)90605-X
0.5544004877488607,10.1088_0031-8949_2_4-5_005,10.1109_wiopt.2006.1666507
0.5161368231563114,10.2307_30215489,10.1021_jf801028g
0.6760012028491073,10.1021_jf020710j,10.1021_jf504795g
0.6220238064121145,10.1021_jm2010964,10.1111_j.1471-4159.1993.tb03546.x
0.5033232757075816,10.2307_3067925,10.1021_je025645o
0.5963621926559753,10.1021_jm010175z,10.1007_s00402-014-2031-7
0.5904948840443426,10.1080_00031305.1971.10477266,10.1002_macp.1988.021890308
0.650902376154551,10.1111_1439-0434.ep14191713,10.1177_00030651090570020905
0.5240485496962226,10.1002_bjs.1800720432,10.1016_0375-9474(86)90319-2
0.6829187927808759,10.1177_0003065114539006,10.1111_j.1476-5381.1966.tb01650.x
0.6113283224243317,10.1002_bjs.1800720432,10.1021_jacs.5b04142
0.839146783772422,10.2165_00128413-200716150-00035,10.1016_S0741-5214(07)00360-6
0.5061816241566118,10.1002_bjs.1800720432,10.1021_jm070316i
0.5237083047031655,10.1021_jm00377a012,10.1021_jf00005a017
0.6670849859858343,10.1002_bjs.1800720432,10.1016_s0743-9547(98)00021-x
0.5450697042272549,10.1021_ja994281q,10.1109_itsc.1997.660446
0.6595096364947588,10.1021_jm00129a020,10.2307_304659
0.8813270028069008,10.1001_archneur.1980.00500520089023,10.1002_cbm.326
0.7737548872659257,10.1038_nature04596,10.1016_s0002-8703(43)90851-8
0.7097839032500329,10.1080_08927029508022331,10.1021_jm060814b
0.5940996253445665,10.2307_30215489,10.2136_sssaj1982.03615995004600050020x
0.48509330315069227,10.1021_ja9623875,10.1016_0026-2714(80)90286-3
0.5409668442995327,10.1016_0371-1951(62)80048-4,10.1139_v94-155
0.4635319025503884,10.3139_146.101623,10.1109_ccgrid.2014.108
0.46499743032093616,10.1117_12.59356,10.1021_jm200938f
0.8391990460222623,10.3168_jds.S0022-0302(73)85401-3,10.1109_cipe.1996.612351
0.5364368888458054,10.1080_00021369.1989.10869539,10.1016_j.neulet.2007.10.018
0.7437401782622098,10.1109_ceidp.1991.763942,10.2307_25155346
0.5394324572514032,10.1002_bjs.1800720432,10.1074_jbc.M513614200
0.632973803596863,10.1016_0371-1951(62)80048-4,10.1111_j.1476-5381.1973.tb17254.x
0.6976486909440718,10.1055_s-0034-1379901,10.1080_08957950211338
0.6905484745620576,10.1002_bspy.350020201,10.1016_j.ijpsycho.2010.10.003
0.9156365130400553,10.1109_wnwec.2009.5335768,10.3168_jds.S0022-0302(75)84560-7
0.6214488456758908,10.2307_25083399,10.1021_ja961398v
0.5905737978712102,10.1021_jm00377a012,10.1007_s12649-015-9442-8
0.7941928758217667,10.3168_jds.S0022-0302(73)85330-5,10.1111_1439-0434.ep8110633
0.5978210110717238,10.1080_00021369.1983.10863386,10.1007_s00339-010-5928-1
0.598053506749753,10.1002_bscb.19900990302,10.1016_j.mseb.2005.10.003
0.49678798561036536,10.1007_s12596-015-0265-6,10.1109_wfopc.2005.1462139
0.5564215875947622,10.1007_s12546-014-9138-0,10.1016_j.ijrmhm.2015.01.004
0.9655390147201481,10.1016_s0001-8791(03)00151-9,10.1016_S0002-8703(13)00521-8
0.5438658234341586,10.1117_12.59356,10.3168_jds.2008-1157
0.6239060230511326,10.1088_0022-3735_15_5_008,10.2307_20069071
0.581167867348505,10.2307_30215489,10.1117_12.545652
0.649978232401634,10.1021_ja994281q,10.1088_0256-307x_22_2_020
0.5945648991899125,10.1088_0022-3735_15_5_008,10.1021_ja808586q
0.5117685948645286,10.1021_ja994281q,10.1017_S0024282911000016
0.564501603247968,10.1080_00021369.1983.10863386,10.1080_00022470.1984.10465839
0.8094642015809665,10.1016_s0001-8791(10)00027-8,10.1001_archneur.1966.00470110108013
0.6460576713607857,10.1016_0371-1951(62)80048-4,10.1021_je00015a003
0.5055821492935301,10.1021_ja9623875,10.1055_s-0033-1339847
0.7051028132133839,10.1139_v81-045,10.1016_0030-4018(77)90207-3
0.5485188397717206,10.1021_jm00377a012,10.1109_isss.2000.874021
0.5829453827394512,10.1021_ja994281q,10.1016_j.carbpol.2006.01.024
0.5542796571734189,10.1080_00032710600952374,10.1088_0022-3735_11_12_009
0.7960662390876506,10.1016_s0883-5403(11)00660-7,10.1002_bjs.18005022701
0.5029193561054213,10.1021_ja8026828,10.1109_WCSP.2015.7341335
0.6046318329506462,10.2307_25083399,10.1002_masy.201200098
0.7284632327895043,10.1080_00021369.1983.10863386,10.1002_kin.550060501
0.557049346847094,10.1088_0022-3735_15_5_008,10.1021_ja8013902
0.46086734656217143,10.1021_ja807230c,10.1021_ja9813865
0.8437293850624589,10.1002_maco.200590000,10.1186_1753-6561-7-s6-p90
0.6470672748084908,10.1021_ja990909l,10.1177_000306519003800324
0.7943722971581213,10.1016_s0749-8063(09)00671-9,10.1139_z86-024
0.7211917001370414,10.1007_s00340-007-2775-7,10.1111_1399-3054.ep13108504
0.5409105057176306,10.1021_jf020710j,10.1117_12.826217
0.6125574358334044,10.1088_0022-3735_15_5_008,10.1080_08941920601117348
0.8708644730689024,10.1001_archderm.1933.01460040149022,10.1080_08873638909478468
0.8029673837297515,10.1016_S0889-8545(05)70195-9,10.1016_j.mycres.2005.08.009
0.7625765032336506,10.1016_S0140-6736(01)30209-X,10.1016_s0889-5406(99)70325-2
0.5081159876364857,10.1080_00021369.1979.10863630,10.1021_jm0203229
0.6182904655261054,10.1021_jm00377a012,10.1142_9781848161122_fmatter
0.5114264816372491,10.1021_jf020710j,10.1021_ja963871a
0.5432232782962285,10.1007_s12596-015-0265-6,10.1021_je050414d
0.5548168706474246,10.2307_30215489,10.1021_ja511308k
0.8707030981144368,10.2307_40693114,10.1016_0030-4018(78)90433-9
0.9405155716360646,10.1016_s0002-9416(76)80041-3,10.3168_jds.2009-2084
0.6062854036666526,10.2307_30215489,10.1038_nclimate1264
0.29288436972657017,10.1016_s0741-5214(08)01048-3,10.1016_S0741-5214(06)01155-4
0.5461502879523898,10.1002_bjs.1800720432,10.1021_jf071460f
0.537878994076643,10.1088_0022-3735_15_5_008,10.1021_ja954271z
0.420535308283671,10.2307_3067925,10.2307_4630889
0.6075707493797025,10.1088_0022-3735_15_5_008,10.1139_p69-234
0.4708266226800924,10.1016_S0828-282X(14)01626-2,10.1016_s0002-8703(11)00578-3
0.5912390464742273,10.1080_00021369.1983.10863386,10.1021_jm00080a030
0.5216306008065067,10.1117_12.59356,10.1002_bjs.1800570319
0.48717535940148876,10.1117_12.59356,10.1007_978-3-642-14791-3_4
0.5978112657256646,10.1007_s12596-015-0265-6,10.1016_0026-265x(62)90131-5
0.5433321581674592,10.1109_IWASI.2015.7184940,10.1099_00207713-42-3-384
0.606126569766695,10.1088_0022-3735_15_5_008,10.1055_s-0034-1380123
0.5287453647889091,10.2307_3067925,10.1002_cbdv.201300320
0.5253362672005036,10.1002_cbic.201402449,10.1117_12.391526
1.0136036634434624,10.1016_S0889-8545(05)70195-9,10.1016_s0002-9394(10)01016-0
0.47466366526971715,10.1080_00021369.1989.10869539,10.1140_epjd_e2012-30206-2
0.6626732464081379,10.1016_0029-554x(66)90482-4,10.1007_s12221-015-5479-3
0.49477717204557825,10.1021_ja9623875,10.1111_j.1478-0542.2005.00300.x
0.6198782722757967,10.1139_v81-045,10.1017_S0036930600009522
0.623742885302469,10.2307_3067925,10.1016_0026-2714(78)90089-6
0.6184704684244333,10.1016_s0883-5403(03)00391-7,10.1016_s0889-5406(98)70088-5
0.6783628461568697,10.2307_25155186,10.1016_0375-9474(79)90302-6
0.8746839392525354,10.1002_bjs.18004921401,10.1016_s0883-5403(03)00227-4
0.773528931591296,10.1016_S0889-8545(05)70195-9,10.1111_0020-8833.00035
0.6664057868576758,10.1139_v81-045,10.1038_jid.1953.81
0.771688211297894,10.1109_CCECE.1998.682717,10.2307_4063852
0.6934603336811223,10.1139_z89-157,10.1139_v71-357
0.8516276180058446,10.1016_s0002-9610(05)81295-4,10.1080_08958370050166778
0.5640175630111063,10.1007_s12546-014-9138-0,10.1001_archinte.1981.00340060126038
0.5902085220999487,10.1007_s12546-014-9138-0,10.1021_ja984274m
0.6022537773540019,10.1088_0022-3735_15_5_008,10.1088_0256-307X_31_6_064206
0.5783939782578692,10.1002_bjs.1800720432,10.1002_cbf.290120305
0.6823629665040062,10.1016_0370-2693(68)90045-2,10.1001_archderm.1923.02360140157012
0.5918893000379193,10.1021_jf020710j,10.1080_00021369.1983.10865597
0.5168494617885758,10.1139_v81-045,10.1002_lpor.200810073
0.837310889770771,10.1021_je00035a902,10.2307_40567969
0.7718903000529982,10.1007_s12546-014-9138-0,10.1016_s0001-2092(07)69842-1
0.5314059295935157,10.1021_ja9623875,10.1021_jm030467v
0.5922516368282518,10.1021_ja994281q,10.3168_jds.2014-8902
0.728258440239496,10.1016_0360-5442(87)90084-3,10.1016_0026-2714(68)90126-1
0.7726688321321488,10.1021_ja902051m,10.1016_s0002-9416(69)80009-6
0.5541327805128546,10.1139_v81-045,10.1016_0360-3016(95)02003-9
0.6943630978053159,10.2307_4633815,10.1016_s0883-5403(11)00292-0
0.6786065252161573,10.3168_jds.s0022-0302(02)74059-9,10.1016_S0002-9394(36)93516-X
0.7929997633578327,10.1016_0029-5582(62)90805-2,10.2307_25082970
0.8409626192539146,10.1016_S0140-6736(01)30209-X,10.1117_12.317334
0.6841716755380531,10.1139_v75-431,10.1001_archinte.1914.00070150096005
0.869872675841203,10.1016_s0883-5403(10)00607-8,10.1001_archderm.1933.01460050155017
0.6717399589970693,10.1088_0022-3735_15_5_008,10.1021_je980076z
0.5937057435558379,10.1088_0022-3735_15_5_008,10.1016_0360-8352(95)00090-n
0.8803527001421333,10.1016_0030-4018(88)90135-6,10.14219_jada.archive.1960.0237
0.5729532366556388,10.1002_bjs.1800720432,10.1016_j.ijrobp.2010.07.1863
0.5365973141854334,10.2307_30215489,10.1021_je60048a700
0.8216849031719999,10.1016_s0749-5978(04)00019-6,10.1109_CEFC.2010.5481839
0.5933856701384874,10.1080_00021369.1983.10863386,10.1016_S0140-6736(01)04926-1
0.6923728415342442,10.1088_0022-3735_15_5_008,10.1088_0143-0815_10_1_006
0.5340913581319692,10.1002_bjs.1800720432,10.1021_ja908908q
0.7649123652325841,10.2307_40708013,10.2307_25082542
0.22385535767703343,10.1016_S0741-5214(13)01947-2,10.1016_s0741-5214(08)01811-9
0.5632563728297753,10.1007_s12596-015-0265-6,10.1021_je050258a
0.9582576023588687,10.1038_hdy.1989.85,10.1016_s0883-9441(05)00164-4
0.6246545680109904,10.3168_jds.s0022-0302(04)73306-8,10.1117_12.56100
0.5572512291348775,10.1088_0031-8949_2_4-5_005,10.1021_jf9027766
0.7527992496127199,10.1016_S0889-8545(05)70195-9,10.1111_j.1474-919x.1867.tb06421.x
0.6554611464002112,10.1002_bspy.350020201,10.1038_NCLIMATE1864
0.6062066322793117,10.1016_j.ijom.2011.07.037,10.1021_je00005a030
0.6417279951597928,10.2307_30215489,10.1007_s00396-005-1373-7
1.0296535953648023,10.1016_s0892-0362(96)90035-5,10.1109_wsc.2006.323094
0.5959043165706701,10.2307_30215489,10.1099_0022-1317-1-1-13
0.559369295584369,10.1109_IWASI.2015.7184940,10.1001_archneurpsyc.1932.02240010257027
0.7042782267506991,10.1021_ja9623875,10.2165_00128415-200007840-00004
0.7451515195922774,10.2307_40708013,10.1038_icb.1941.1
0.6860679169616649,10.1088_0022-3735_15_5_008,10.1139_v71-456
0.6375468420585979,10.1109_IWASI.2015.7184940,10.1099_00207713-45-2-240
0.6180327350747147,10.1021_je00013a009,10.3168_jds.s0022-0302(05)72992-1
0.7448060208121153,10.3168_jds.s0022-0302(74)84940-4,10.1002_cbdv.201090009
0.95766684211834,10.1021_ja992808t,10.1016_0026-265x(59)90373-x
0.5539510523374672,10.1080_00021369.1983.10863386,10.1002_kin.550211002
0.6557389899387859,10.1016_0371-1951(62)80048-4,10.1111_j.1475-4975.1987.tb00546.x
0.4555883401462679,10.1109_IWASI.2015.7184940,10.1017_S0022112003004087
0.7762640801536512,10.1016_s0886-3350(07)01040-1,10.1021_jm020112w
0.5623787209562764,10.1021_je700312r,10.1088_0029-5515_17_3_018
0.6645929301832734,10.1139_v81-045,10.1080_09500340110045918
0.6062653514405993,10.1080_00021369.1979.10863630,10.2307_25141429
0.7669803513854101,10.1001_archderm.1975.01630170037001,10.1016_s0002-8703(40)90034-5
0.6544439824207154,10.1016_0026-2714(67)90205-3,10.2307_25085885
0.6048088083450296,10.1021_jm00377a012,10.1016_S0140-6736(00)96664-9
0.667651615416461,10.1021_je00039a029,10.1016_S0140-6736(00)96524-3
0.5349412810528222,10.1117_12.59356,10.1139_z63-002
0.5497802703312978,10.1109_IWASI.2015.7184940,10.1111_j.1474-919x.1951.tb05456.x
0.6093543983268287,10.1139_z89-157,10.1016_0028-3908(84)90196-5
0.6438705963392881,10.1177_000271621706900146,10.1139_v76-130
0.9512368546519803,10.1016_s0749-8063(09)00671-9,10.1016_s0747-7171(08)80002-8
0.5337075760709779,10.1139_v01-135,10.1002_cber.19931260827
0.7792970867318755,10.1002_bscb.19620710707,10.1016_0026-2714(67)90079-0
0.5439561986488719,10.1021_ja954307n,10.1016_j.neunet.2004.10.001
0.9786307125636191,10.1016_s0741-5214(11)01230-4,10.1093_ntr_ntq182
0.8826928782147527,10.1001_archderm.1955.01540250003001,10.1017_S0032247400028643
0.5850475087985106,10.1007_s00340-007-2775-7,10.1021_je200379r
0.8737359624257576,10.1016_s0747-7171(10)00193-8,10.1007_bf01799679
0.5445574560713196,10.1021_ja8026828,10.1017_S0036930600055642
0.49240303398204077,10.1080_00021369.1983.10863386,10.1139_z86-082
0.5572915454989703,10.1002_bjs.1800720432,10.1016_S0140-6736(01)52092-9
0.5939754433202232,10.1177_000348949510400711,10.1098_rsbl.2003.0076
0.4768240716878206,10.1109_IWASI.2015.7184940,10.1074_jbc.m804885200
0.6056116859718532,10.1177_000348949510400711,10.3168_jds.2013-7822
0.5899940515287715,10.1021_ja994281q,10.1080_00021369.1975.10861851
0.6719077500578349,10.2307_25083399,10.1098_rstb.2011.0141
0.6696301313605193,10.1016_s0738-081x(08)00230-7,10.2307_25136399
0.8630626834459715,10.2307_3043728,10.1016_S0741-5214(05)01694-0
0.5727452658115613,10.1088_0026-1394_30_3_003,10.1021_je900315r
0.5866107670777642,10.1021_jm000493i,10.1002_mame.200600244
0.809271539705003,10.1016_s0001-8791(06)00019-4,10.1002_cbdv.200590113
0.5350240718143215,10.1109_IWASI.2015.7184940,10.2138_am.2007.2346
0.7561493838386262,10.1016_s0002-9378(08)02191-1,10.2307_4589503
0.6732884903822298,10.1021_ja8026828,10.1016_s0002-8703(37)91121-9
0.5190289986831418,10.1080_00021369.1989.10869539,10.1111_1365-2648.ep8532449
0.6443929441063824,10.1016_0371-1951(62)80048-4,10.1139_z85-246
0.612179851360038,10.1139_v81-045,10.2307_3099961
0.45132186409433855,10.1021_ja8026828,10.3161_1733-5329(2005)7[189:hotppg]2.0.co;2
0.8563622801448925,10.1016_S0140-6736(01)55447-1,10.1109_itme.2008.4743977
0.677210042249773,10.1002_bjs.1800600808,10.1080_08839510150204617
0.5045487042559628,10.1021_ja8026828,10.2307_25084047
0.4360614359737576,10.1021_ja9623875,10.1021_jf101651y
0.5448522463222274,10.2307_30215489,10.1111_j.1472-4669.2006.00091.x
0.5551914377702234,10.1021_je700312r,10.1021_jm000944z
0.6837603792645663,10.2307_4601533,10.1007_s00338-012-0939-3
0.7348080084865847,10.1016_s0749-8063(09)00671-9,10.1088_0031-8949_2006_T123_007
0.5565839613226273,10.1021_ja8026828,10.1016_s0001-2092(06)61704-3
0.4157977047108004,10.1021_ja960595r,10.1007_s00339-012-7469-2
0.6303035039771806,10.1080_00031305.1971.10477266,10.3141_1655-20
0.9002654989879104,10.1016_S0140-6736(01)30209-X,10.14219_jada.archive.1982.0138
0.47965630533380366,10.1021_ja8026828,10.1007_978-3-642-37042-7_3
0.8540606620043084,10.1016_s0001-8791(07)00061-9,10.2307_40675725
0.5596802392301355,10.1021_jm030594r,10.3168_jds.s0022-0302(96)76349-x
0.6681433670186747,10.1080_08927029508022331,10.1016_j.mseb.2009.01.032
0.5098949851255918,10.1080_00021369.1983.10863386,10.1016_s0889-4906(99)00029-0
0.5843202037882959,10.1080_08927029508022331,10.3141_1907-02
0.6685044080538783,10.1016_0026-2714(73)90461-7,10.1177_0002716203260079
0.865777152465274,10.1093_occmed_32.1.88,10.1139_t75-031
0.5922217166368309,10.1021_jf020710j,10.1016_0360-3016(95)02029-2
0.41679742056973884,10.1021_ja8026828,10.1021_jacs.5b08395
0.5167013458840154,10.1002_maco.200590000,10.1038_nature06546
0.5379477558261563,10.1007_s12546-014-9138-0,10.1007_s12275-014-4109-x
0.5044909990203262,10.1021_ja906363t,10.1021_ja910582n
0.9723832741210614,10.1111_j.1474-919x.1938.tb00218.x,10.1055_s-0034-1378736
0.8733164810590578,10.2307_40565919,10.1016_S0890-5096(08)00143-X
0.9563711639951489,10.2307_25155751,10.1109_isscc.1958.1155590
0.4963766001388874,10.2307_3067925,10.1021_jm00263a015
0.6339069032298467,10.1021_ja801715c,10.1007_s003390050564
0.7233359112777935,10.1016_s0749-8063(09)00671-9,10.1140_epjb_e2008-00358-7
0.8763865281254428,10.1016_S0741-5214(06)00233-3,10.1016_0368-3230(64)90024-2
0.487530162572635,10.1021_ja9613217,10.1021_jm051200u
0.731034151134504,10.1021_ja960595r,10.2307_4628783
0.5289277651857422,10.1175_JCLI-D-11-00284.1,10.2307_40677471
0.626719607473033,10.1088_0031-8949_2_4-5_005,10.1079_WPS19530005
0.7993399628568327,10.1016_s0002-8703(10)00579-x,10.1002_cbdv.200690130
0.9003722147700145,10.1016_s0740-5472(08)00232-8,10.1111_j.1475-4754.1988.tb00456.x
0.5718316126438112,10.1016_j.ijms.2010.09.023,10.1098_rspb.2013.2561
0.7050655559888194,10.1007_s12546-014-9138-0,10.1016_0360-3199(88)90001-8
0.7393957592536246,10.1139_v81-045,10.1021_jf035344y
0.612767539281336,10.1021_jf020710j,10.1016_s0749-8063(07)00443-4
0.5890708550524458,10.1088_0022-3735_15_5_008,10.1111_1460-6984.12002
0.7429345168454602,10.1016_0026-265x(59)90415-1,10.1186_1687-3963-2012-10
0.7825282900469608,10.1016_s0886-3350(11)01087-x,10.1016_0371-1951(63)80185-x
0.827259273000382,10.1016_S0889-8545(05)70195-9,10.1088_0031-9155_44_2_023
0.6919913521134222,10.1016_0371-1951(62)80048-4,10.1080_00022470.1969.10466459
0.646189732476626,10.1088_0031-8949_2_4-5_005,10.1080_00021369.1973.10860965
0.5783747071439835,10.1117_12.59356,10.1021_je5008586
0.6350403387934146,10.1080_00031305.1971.10477266,10.1177_000331975800900301
0.5817801695967337,10.2307_3067925,10.1111_j.1476-5381.1971.tb09936.x
0.4882039725392203,10.1080_00021369.1983.10863386,10.1038_nature06827
0.7381700320041505,10.1088_0022-3735_15_5_008,10.1016_s0890-6955(02)00304-8
0.5310708297744356,10.1007_s12257-013-0143-5,10.1021_ja970200j
0.6374023780516495,10.1007_s12546-014-9138-0,10.1111_j.1476-5381.1957.tb00143.x
0.5648041697926359,10.1080_00021369.1983.10863386,10.1002_macp.1990.021911023
0.8444212303626006,10.1016_0029-5493(93)90236-3,10.1021_jm061299k
0.4770594744324835,10.1117_12.59356,10.1074_jbc.M413429200
0.5198217044565654,10.1117_12.59356,10.1111_j.1478-4408.2003.tb00160.x
0.6146579585043358,10.1016_0371-1951(62)80048-4,10.1139_v10-005
0.6876856841413623,10.1016_s0889-8588(09)00119-1,10.1021_ja902051m
0.565824440905048,10.1111_1439-0434.ep14191713,10.2307_40577320
0.9049838701574385,10.1109_isscc.1958.1155590,10.1016_s0741-5214(11)02223-3
0.7135087214622531,10.1002_bjs.1800720432,10.1016_0026-0576(95)90278-3
0.44812298042959203,10.1021_ja994281q,10.1177_000306516501300311
0.49226251577414104,10.1080_089583799197177,10.1021_ja9738788
0.5697722039722868,10.1016_j.ijms.2010.09.023,10.1021_jf034190j
0.7497075661589058,10.1016_S0889-8545(05)70195-9,10.1021_ja992818u
0.48860305837413726,10.2307_30215489,10.1021_jm00081a011
0.5972448957466099,10.1021_ja9081809,10.1139_z91-001
0.712104521136764,10.1080_08927029508022331,10.1111_j.1477-9552.1991.tb00358.x
0.6083654349053014,10.1038_icb.1971.22,10.1016_0029-554x(71)90691-4
0.6724912737019793,10.1088_0031-8949_2_4-5_005,10.1093_ndtplus_sfp171
0.7256498527837422,10.1002_bspy.350020201,10.1002_marc.1980.030010101
0.6335987664886644,10.1016_0371-1951(62)80048-4,10.2307_25084607
0.6006200135042162,10.1021_jf020710j,10.1016_S0002-9343(14)00691-3
0.4649655557105094,10.1021_ja994281q,10.1109_CEC.2011.5949678
0.6640441711600865,10.1021_je00039a029,10.1007_bf01810368
0.5407050836939625,10.1002_bjs.1800720432,10.1021_jf202712y
0.6488116846399863,10.1177_000348949510400711,10.3168_jds.2012-6046
0.6399629808205237,10.1021_jm0110845,10.1016_0375-9474(72)90472-1
0.5773337579740887,10.2307_30215489,10.1007_s00339-005-3329-7
0.4906608866661284,10.1021_jm00377a012,10.1109_ISWCS.2005.1547793
0.450082342167025,10.1021_jm010969d,10.1021_jf051288k
0.5251893418552329,10.1021_ja9623875,10.1007_s00340-004-1405-x
0.6015503752076583,10.1088_0022-3735_15_5_008,10.2307_4626892
0.9079205517287734,10.1016_s0001-8791(05)00024-2,10.1016_S0741-5214(07)00528-9
0.8760217858686694,10.1016_0026-0800(85)90014-x,10.1016_0029-5493(78)90247-9
0.9461226617585665,10.1016_0375-9474(76)90295-5,10.1016_s0001-8791(10)00006-0
0.5805387194305223,10.2307_3067925,10.1021_jf00022a048
0.7559359853861797,10.1117_12.59356,10.1001_archderm.1967.01600310007001
0.6417579929002123,10.1016_0361-9230(93)90032-7,10.1186_1479-5876-10-S2-A28
0.5468492464752894,10.1021_jm00377a012,10.1139_z82-267
0.6196417333339505,10.3168_jds.s0022-0302(04)73306-8,10.1016_S0140-6736(01)63214-8
0.6946941304078669,10.1002_bspy.350020201,10.2165_00002018-200831050-00009
0.5840795736297233,10.1109_ispacs.2007.4445823,10.1055_s-0031-1289784
0.3764899579290709,10.1021_ja8026828,10.1021_ja9002316
0.6472081562563742,10.1007_s12546-014-9138-0,10.1021_jf00001a023
0.6160653629643744,10.1007_s00339-003-2254-x,10.1021_ja974076f
0.5293365717689311,10.1002_bjs.1800720432,10.1098_rstb.2005.1633
0.601687735333252,10.1016_0371-1951(62)80048-4,10.1111_j.1475-4932.1960.tb00501.x
0.5961680613348117,10.1007_s12546-014-9138-0,10.1139_z71-197
0.5859877604149547,10.1080_00021369.1983.10863386,10.1002_bscb.19911001103
0.6279795869372905,10.1016_j.ijms.2010.09.023,10.1080_09397140.2007.10638219
0.5080025717452248,10.1021_jf020710j,10.1139_z93-199
0.6046696408933778,10.1109_ISWC.2008.4911579,10.1016_j.ijms.2010.03.007
0.5548505850262386,10.1007_s12596-015-0265-6,10.1001_archderm.1928.02380170072006
0.8659238760017919,10.1139_p81-184,10.1177_000271620202000202
0.5704803550759847,10.1002_bjs.1800720432,10.1139_z90-376
0.5864198240769372,10.1002_bjs.1800720432,10.1111_1439-0434.ep8110280
0.5238446857845841,10.1177_000348949510400711,10.1080_08941930701598792
0.5207761377485688,10.1002_cbdv.200900175,10.1109_WETICE.2013.20
0.4821225564641305,10.1109_IWASI.2015.7184940,10.2307_3096584
0.6286740937912545,10.1111_j.1474-919x.1895.tb06508.x,10.1002_macp.1987.021880723
0.48087506467880076,10.2307_3067925,10.1055_s-0033-1340823
0.9000751631252903,10.1016_S0749-0704(05)00116-8,10.2307_25156399
0.5434260516600523,10.1080_08927029508022331,10.1016_S0002-9394(40)92518-1
0.5958726473186958,10.1002_maco.19800311011,10.1016_0026-2714(94)90440-5
0.7262476622292938,10.2307_25083399,10.1016_0028-3908(87)90154-7
0.5613474189928206,10.1021_jf020710j,10.1021_ja951502t
0.6821748908332951,10.1016_0030-4220(79)90058-6,10.1016_0360-8352(90)90133-7
0.5628913500753441,10.3139_146.101623,10.1117_12.358430
0.8228088251443728,10.1016_j.bpj.2013.03.012,10.1088_0264-9381_10_S_035
0.5998776943617953,10.1139_v81-045,10.1021_jf9805754
0.7593848276144024,10.1016_s0749-8063(09)00671-9,10.1140_epjst_e2009-00971-2
0.5870334461027255,10.1088_0031-8949_2_4-5_005,10.1016_0375-9474(77)90462-6
0.5703832196211175,10.1002_bjs.1800720432,10.1016_s0002-8703(33)90720-6
0.6627021322925327,10.1021_je700312r,10.1016_0030-3992(77)90015-9
0.5498299091583354,10.1117_12.59356,10.1021_jm00200a014
0.5885961604310711,10.1080_08927029508022331,10.1021_je3002046
0.6882313040279996,10.1007_s12596-015-0265-6,10.1007_978-3-642-12214-9_63
0.5769830415627263,10.1088_0022-3735_15_5_008,10.1002_mabi.200800223
0.5404724144180034,10.2307_3067925,10.3168_jds.2012-6206
0.47961745278720597,10.1111_1439-0434.ep14191713,10.1021_ja952598u
0.6220953556717542,10.1177_000348949510400711,10.1016_0375-9474(70)90048-5
0.6857363231987599,10.1088_0022-3735_15_5_008,10.14219_jada.archive.1918.0116
0.7881618481010365,10.1016_0026-2714(72)90710-x,10.1016_S0741-5214(04)00962-0
0.5889356152040025,10.1139_v92-171,10.1117_12.647806
0.6304738087326613,10.1002_bspy.350020201,10.1099_00207713-52-2-573
0.5201563979616858,10.1007_s12596-015-0265-6,10.1016_j.msec.2006.09.047
0.500984248981247,10.1088_0031-8949_2_4-5_005,10.1016_0370-1573(89)90050-1
0.7987509359784183,10.1109_ccece.2005.1557313,10.1016_S0002-9394(14)76008-8
0.5972522650079073,10.1080_00021369.1983.10863386,10.1016_s0748-7983(06)70466-8
0.710871026562721,10.1080_00031305.1971.10477266,10.1007_s12542-010-0084-7
0.7531519100390209,10.1139_v92-171,10.1016_0026-2714(88)90335-6
0.7844624948101521,10.1016_S0889-8545(05)70195-9,10.1016_0030-4018(93)90373-d
0.545110544883238,10.1038_nature07369,10.1139_t71-027
0.6727473297934664,10.2307_25083399,10.1038_nchem.1966
0.5107142663301381,10.1109_WDM.2003.1233887,10.1080_00032719708001768
0.6040306444932605,10.2307_48887,10.2307_40595960
0.5464078317425112,10.1007_s12257-013-0143-5,10.1109_WSC.2014.7020032
0.48811447526717155,10.1002_maco.19800311011,10.1002_cber.19931260810
0.618917472334216,10.1088_0022-3735_15_5_008,10.3168_jds.s0022-0302(00)74998-8
0.7817786130743257,10.1021_ja995520c,10.1111_0591-2385.00183
0.6107613805188584,10.2307_30215489,10.1007_s12240-009-0035-x
0.43958986713029147,10.1021_ja8026828,10.1002_maco.19820330414
0.7055850190461455,10.2307_3067925,10.1016_s0889-5406(04)00566-9
0.5910425613521292,10.1080_089583799197177,10.1109_isqed.2012.6187497
0.8286205288381037,10.1017_S0032247400058599,10.1016_S0741-5214(13)00658-7
0.6493184406015625,10.1080_08927029508022331,10.1002_cber.19911240228
0.6147470399990053,10.1139_v81-045,10.1016_j.ijrobp.2007.07.1701
0.6488055077373929,10.1117_12.59356,10.1080_09397140.2002.10637902
0.5173769332386197,10.1021_ja994281q,10.1007_bf01820170
0.7111244083766082,10.1088_0022-3735_15_5_008,10.1001_archderm.1950.01530180050010
0.6344159080421732,10.1021_ja994281q,10.1139_v68-505
0.7197602022603702,10.1016_0030-3992(73)90034-0,10.2307_20102153
0.8533384318853682,10.1139_v81-045,10.1111_j.1477-9552.1997.tb01138.x
0.6063750857504838,10.1038_nature07369,10.1109_CICC.2003.1249462
0.6679723493959435,10.1016_0026-2714(68)90125-x,10.1074_jbc.R109.013219
0.5554517696042337,10.1002_bjs.1800720432,10.1140_epjb_e2010-00016-7
0.48350859985668015,10.1021_ja8026828,10.1007_bf01870365
0.7360179610259736,10.1021_jf970878i,10.1016_0026-2714(68)90104-2
0.8335395202351964,10.2307_25155349,10.1016_s0741-5214(11)01230-4
0.6008298714584929,10.1080_08927029508022331,10.1007_s12253-014-9877-4
0.5666464323829737,10.1140_epjc_s2004-01990-2,10.1016_j.brainres.2006.08.044
0.6488093448564761,10.1002_bspy.350020201,10.1016_0375-9474(79)90026-5
0.5650498797272796,10.1007_bf01799398,10.2307_48142
0.7004530835695608,10.1038_jid.1951.9,10.1111_j.1477-9552.1989.tb01095.x
0.48814799758526695,10.1021_ja801715c,10.1021_ja805759z
0.7862722860054364,10.1139_z74-069,10.1016_s0828-282x(12)00206-1
0.4885462261061399,10.1007_s00339-011-6681-9,10.1016_0375-9474(72)90167-4
0.6621173978792639,10.1139_v75-431,10.14219_jada.archive.2001.0244
0.9070615015655422,10.1016_S0002-9378(12)90935-7,10.1007_978-3-642-13437-1_112
0.5254027143296652,10.1021_ja954307n,10.1088_0256-307X_28_3_036102
0.5791605888177574,10.1021_jm00377a012,10.1021_ja9533398
0.719496482331671,10.2307_25083399,10.1088_0031-9120_37_6_310
0.7509577862884184,10.1117_12.59356,10.1001_archinte.1947.00220150123013
0.5443623332660624,10.1111_1439-0434.ep14191713,10.1080_00021369.1979.10863820
0.5156064225537013,10.1021_ja994281q,10.1140_epjd_e2014-40783-5
0.5325507824678256,10.1016_0371-1951(62)80048-4,10.1055_s-0032-1318305
0.6180603015548677,10.1021_jm010175z,10.1002_cbf.290040206
0.7869215323500215,10.1016_S0140-6736(00)53771-4,10.1021_ja995513o
0.6248158176936811,10.1016_j.ijms.2010.09.023,10.1093_nq_43.1.55-a
0.7458973373044526,10.1021_jm0510474,10.1109_chinacom.2008.4685179
0.5291570268743692,10.1021_ja994281q,10.1021_jm4001659
0.5393362648953011,10.2307_3067925,10.1139_z73-141
0.5460912420004781,10.1088_0031-8949_2_4-5_005,10.1088_0026-1394_35_2_3
0.516018539569588,10.1080_00021369.1983.10863386,10.2307_3068360
0.552149371002348,10.1007_s12546-014-9138-0,10.1080_08940630.1988.10466493
0.6695746471333478,10.1016_0030-4220(79)90058-6,10.1002_macp.1994.021950733
0.6397833597980779,10.1016_0371-1951(62)80048-4,10.2307_25130467
0.8977261649849422,10.1016_s0749-8063(07)00540-3,10.1016_S0741-5214(03)00777-8
0.5593625851191981,10.1080_00021369.1983.10863386,10.1001_archneur.1974.00490360004002
0.5035773956830569,10.1021_jm00377a012,10.1055_s-0035-1560721
0.5754850883278452,10.1021_jf020710j,10.1016_S0140-6736(01)27591-6
0.4929079568937935,10.1021_ja8026828,10.14219_jada.archive.1925.0228
0.605565740689182,10.1109_ISWC.2008.4911579,10.1111_j.1472-765x.1995.tb01047.x
0.595022734013834,10.1002_cbic.201402449,10.1109_WI-IAT.2014.49
0.8848881964959435,10.1016_s0001-8791(05)00093-x,10.1016_s0741-5214(09)02171-5
0.5298992098223527,10.1117_12.59356,10.1002_marc.200500291
0.7081145536138009,10.1109_WDM.2003.1233887,10.1111_j.1475-4754.1962.tb00570.x
0.5972531270485677,10.1088_0022-3735_15_5_008,10.1139_v71-478
0.7294414145063085,10.1007_s00339-003-2254-x,10.1139_v71-123
0.4726338205843017,10.1080_00021369.1983.10863386,10.1021_ja953705n
0.5485735181247363,10.1016_0371-1951(62)80048-4,10.1002_mats.201000027
0.5800478768998012,10.1139_v75-431,10.1002_cbdv.200690034
0.5298558938222135,10.1021_ja994281q,10.1021_jacs.6b01181
0.5419773779950319,10.1088_0031-8949_2_4-5_005,10.1021_jm00197a028
0.9138787900870337,10.1007_s12272-001-1131-4,10.2307_30220886
0.6209249931202435,10.1021_jm00377a012,10.1088_0031-8949_1_4_006
0.6492248062408031,10.1021_ja960595r,10.1139_y76-101
0.7446840734719065,10.2307_25129848,10.1140_epjb_e2005-00196-1
0.6612841960318564,10.1016_s0001-706x(96)00647-x,10.1016_j.buildenv.2004.08.025
0.7299720002363269,10.1002_bspy.350020201,10.1002_bms.1200180711
0.5977182755352352,10.1016_j.ijom.2011.07.037,10.1002_macp.1976.021771015
0.49496223565348646,10.2307_30215489,10.1080_09500690600620979
0.5424019395296,10.1021_ja8026828,10.1021_jf00035a045
0.5401562378913178,10.1139_z89-157,10.1016_j.msec.2005.09.059
0.8814350356626782,10.1016_S0741-5214(14)02079-5,10.1016_s0001-8791(10)00131-4
0.7531453645948915,10.1016_j.ijrobp.2014.05.1775,10.1021_jm058289o
0.4893037428559767,10.1002_maco.19800311011,10.1021_je800298n
0.4722970136363444,10.1007_s12546-014-9138-0,10.1098_rsbl.2004.0254
